<?xml version="1.0" encoding="UTF-8"?>
<root>
  <item name="com.ola.maps.navigation.ui.v5.map.MapFpsDelegate void updateCameraTracking(int) 0">
    <annotation name="androidx.annotation.IntDef">
      <val name="value" val="{com.ola.maps.navigation.ui.v5.camera.NavigationCamera.NAVIGATION_TRACKING_MODE_GPS, com.ola.maps.navigation.ui.v5.camera.NavigationCamera.NAVIGATION_TRACKING_MODE_NORTH, com.ola.maps.navigation.ui.v5.camera.NavigationCamera.NAVIGATION_TRACKING_MODE_NONE}" />
    </annotation>
  </item>
  <item name="com.ola.maps.navigation.ui.v5.map.NavigationMapSettings int retrieveCameraTrackingMode()">
    <annotation name="androidx.annotation.IntDef">
      <val name="value" val="{com.ola.maps.navigation.ui.v5.camera.NavigationCamera.NAVIGATION_TRACKING_MODE_GPS, com.ola.maps.navigation.ui.v5.camera.NavigationCamera.NAVIGATION_TRACKING_MODE_NORTH, com.ola.maps.navigation.ui.v5.camera.NavigationCamera.NAVIGATION_TRACKING_MODE_NONE}" />
    </annotation>
  </item>
  <item name="com.ola.maps.navigation.ui.v5.map.NavigationMapSettings void updateCameraTrackingMode(int) 0">
    <annotation name="androidx.annotation.IntDef">
      <val name="value" val="{com.ola.maps.navigation.ui.v5.camera.NavigationCamera.NAVIGATION_TRACKING_MODE_GPS, com.ola.maps.navigation.ui.v5.camera.NavigationCamera.NAVIGATION_TRACKING_MODE_NORTH, com.ola.maps.navigation.ui.v5.camera.NavigationCamera.NAVIGATION_TRACKING_MODE_NONE}" />
    </annotation>
  </item>
  <item name="com.ola.maps.navigation.ui.v5.map.NavigationMapboxMap void resetCameraPositionWith(int) 0">
    <annotation name="androidx.annotation.IntDef">
      <val name="value" val="{com.ola.maps.navigation.ui.v5.camera.NavigationCamera.NAVIGATION_TRACKING_MODE_GPS, com.ola.maps.navigation.ui.v5.camera.NavigationCamera.NAVIGATION_TRACKING_MODE_NORTH, com.ola.maps.navigation.ui.v5.camera.NavigationCamera.NAVIGATION_TRACKING_MODE_NONE}" />
    </annotation>
  </item>
  <item name="com.ola.maps.navigation.ui.v5.map.NavigationMapboxMap void updateCameraTrackingMode(int) 0">
    <annotation name="androidx.annotation.IntDef">
      <val name="value" val="{com.ola.maps.navigation.ui.v5.camera.NavigationCamera.NAVIGATION_TRACKING_MODE_GPS, com.ola.maps.navigation.ui.v5.camera.NavigationCamera.NAVIGATION_TRACKING_MODE_NORTH, com.ola.maps.navigation.ui.v5.camera.NavigationCamera.NAVIGATION_TRACKING_MODE_NONE}" />
    </annotation>
  </item>
</root>

