<?xml version="1.0" encoding="UTF-8"?>
<root>
  <item name="com.ola.maps.navigation.ui.v5.NavigationContract.View void updateCameraTrackingMode(int) 0">
    <annotation name="androidx.annotation.IntDef">
      <val name="value" val="{com.ola.maps.navigation.ui.v5.camera.NavigationCamera.NAVIGATION_TRACKING_MODE_GPS, com.ola.maps.navigation.ui.v5.camera.NavigationCamera.NAVIGATION_TRACKING_MODE_NORTH, com.ola.maps.navigation.ui.v5.camera.NavigationCamera.NAVIGATION_TRACKING_MODE_NONE}" />
    </annotation>
  </item>
  <item name="com.ola.maps.navigation.ui.v5.NavigationViewModel timeFormatType">
    <annotation name="androidx.annotation.IntDef">
      <val name="value" val="{com.ola.maps.navigation.v5.navigation.NavigationTimeFormat.NONE_SPECIFIED, com.ola.maps.navigation.v5.navigation.NavigationTimeFormat.TWELVE_HOURS, com.ola.maps.navigation.v5.navigation.NavigationTimeFormat.TWENTY_FOUR_HOURS}" />
    </annotation>
  </item>
  <item name="com.ola.maps.navigation.ui.v5.NavigationViewModel void recordFeedback(java.lang.String) 0">
    <annotation name="androidx.annotation.StringDef">
      <val name="value" val="{com.ola.maps.navigation.v5.navigation.metrics.FeedbackEvent.FEEDBACK_SOURCE_REROUTE, com.ola.maps.navigation.v5.navigation.metrics.FeedbackEvent.FEEDBACK_SOURCE_UI}" />
    </annotation>
  </item>
</root>

