<?xml version="1.0" encoding="UTF-8"?>
<root>
  <item name="com.ola.maps.navigation.v5.navigation.MapboxNavigationOptions int roundingIncrement()">
    <annotation name="androidx.annotation.IntDef">
      <val name="value" val="{com.ola.maps.navigation.v5.navigation.NavigationConstants.ROUNDING_INCREMENT_ONE, com.ola.maps.navigation.v5.navigation.NavigationConstants.ROUNDING_INCREMENT_FIVE, com.ola.maps.navigation.v5.navigation.NavigationConstants.ROUNDING_INCREMENT_TEN, com.ola.maps.navigation.v5.navigation.NavigationConstants.ROUNDING_INCREMENT_TWENTY_FIVE, com.ola.maps.navigation.v5.navigation.NavigationConstants.ROUNDING_INCREMENT_FIFTY, com.ola.maps.navigation.v5.navigation.NavigationConstants.ROUNDING_INCREMENT_ONE_HUNDRED}" />
    </annotation>
  </item>
  <item name="com.ola.maps.navigation.v5.navigation.MapboxNavigationOptions int timeFormatType()">
    <annotation name="androidx.annotation.IntDef">
      <val name="value" val="{com.ola.maps.navigation.v5.navigation.NavigationTimeFormat.NONE_SPECIFIED, com.ola.maps.navigation.v5.navigation.NavigationTimeFormat.TWELVE_HOURS, com.ola.maps.navigation.v5.navigation.NavigationTimeFormat.TWENTY_FOUR_HOURS}" />
    </annotation>
  </item>
  <item name="com.ola.maps.navigation.v5.navigation.MapboxNavigationOptions.Builder com.ola.maps.navigation.v5.navigation.MapboxNavigationOptions.Builder roundingIncrement(int) 0">
    <annotation name="androidx.annotation.IntDef">
      <val name="value" val="{com.ola.maps.navigation.v5.navigation.NavigationConstants.ROUNDING_INCREMENT_ONE, com.ola.maps.navigation.v5.navigation.NavigationConstants.ROUNDING_INCREMENT_FIVE, com.ola.maps.navigation.v5.navigation.NavigationConstants.ROUNDING_INCREMENT_TEN, com.ola.maps.navigation.v5.navigation.NavigationConstants.ROUNDING_INCREMENT_TWENTY_FIVE, com.ola.maps.navigation.v5.navigation.NavigationConstants.ROUNDING_INCREMENT_FIFTY, com.ola.maps.navigation.v5.navigation.NavigationConstants.ROUNDING_INCREMENT_ONE_HUNDRED}" />
    </annotation>
  </item>
  <item name="com.ola.maps.navigation.v5.navigation.MapboxNavigationOptions.Builder com.ola.maps.navigation.v5.navigation.MapboxNavigationOptions.Builder timeFormatType(int) 0">
    <annotation name="androidx.annotation.IntDef">
      <val name="value" val="{com.ola.maps.navigation.v5.navigation.NavigationTimeFormat.NONE_SPECIFIED, com.ola.maps.navigation.v5.navigation.NavigationTimeFormat.TWELVE_HOURS, com.ola.maps.navigation.v5.navigation.NavigationTimeFormat.TWENTY_FOUR_HOURS}" />
    </annotation>
  </item>
  <item name="com.ola.maps.navigation.v5.navigation.NavigationConstants.ManeuverModifier">
    <annotation name="androidx.annotation.StringDef">
      <val name="value" val="{com.ola.maps.navigation.v5.navigation.NavigationConstants.STEP_MANEUVER_MODIFIER_UTURN, com.ola.maps.navigation.v5.navigation.NavigationConstants.STEP_MANEUVER_MODIFIER_SHARP_RIGHT, com.ola.maps.navigation.v5.navigation.NavigationConstants.STEP_MANEUVER_MODIFIER_RIGHT, com.ola.maps.navigation.v5.navigation.NavigationConstants.STEP_MANEUVER_MODIFIER_SLIGHT_RIGHT, com.ola.maps.navigation.v5.navigation.NavigationConstants.STEP_MANEUVER_MODIFIER_STRAIGHT, com.ola.maps.navigation.v5.navigation.NavigationConstants.STEP_MANEUVER_MODIFIER_SLIGHT_LEFT, com.ola.maps.navigation.v5.navigation.NavigationConstants.STEP_MANEUVER_MODIFIER_LEFT, com.ola.maps.navigation.v5.navigation.NavigationConstants.STEP_MANEUVER_MODIFIER_SHARP_LEFT}" />
    </annotation>
  </item>
  <item name="com.ola.maps.navigation.v5.navigation.NavigationConstants.ManeuverType">
    <annotation name="androidx.annotation.StringDef">
      <val name="value" val="{com.ola.maps.navigation.v5.navigation.NavigationConstants.STEP_MANEUVER_TYPE_TURN, com.ola.maps.navigation.v5.navigation.NavigationConstants.STEP_MANEUVER_TYPE_NEW_NAME, com.ola.maps.navigation.v5.navigation.NavigationConstants.STEP_MANEUVER_TYPE_DEPART, com.ola.maps.navigation.v5.navigation.NavigationConstants.STEP_MANEUVER_TYPE_ARRIVE, com.ola.maps.navigation.v5.navigation.NavigationConstants.STEP_MANEUVER_TYPE_MERGE, com.ola.maps.navigation.v5.navigation.NavigationConstants.STEP_MANEUVER_TYPE_ON_RAMP, com.ola.maps.navigation.v5.navigation.NavigationConstants.STEP_MANEUVER_TYPE_OFF_RAMP, com.ola.maps.navigation.v5.navigation.NavigationConstants.STEP_MANEUVER_TYPE_FORK, com.ola.maps.navigation.v5.navigation.NavigationConstants.STEP_MANEUVER_TYPE_END_OF_ROAD, com.ola.maps.navigation.v5.navigation.NavigationConstants.STEP_MANEUVER_TYPE_CONTINUE, com.ola.maps.navigation.v5.navigation.NavigationConstants.STEP_MANEUVER_TYPE_ROUNDABOUT, com.ola.maps.navigation.v5.navigation.NavigationConstants.STEP_MANEUVER_TYPE_ROTARY, com.ola.maps.navigation.v5.navigation.NavigationConstants.STEP_MANEUVER_TYPE_ROUNDABOUT_TURN, com.ola.maps.navigation.v5.navigation.NavigationConstants.STEP_MANEUVER_TYPE_NOTIFICATION, com.ola.maps.navigation.v5.navigation.NavigationConstants.STEP_MANEUVER_TYPE_TURN_SHARP_RIGHT, com.ola.maps.navigation.v5.navigation.NavigationConstants.STEP_MANEUVER_TYPE_TURN_RIGHT, com.ola.maps.navigation.v5.navigation.NavigationConstants.STEP_MANEUVER_TYPE_TURN_SLIGHT_RIGHT, com.ola.maps.navigation.v5.navigation.NavigationConstants.STEP_MANEUVER_TYPE_U_TURN, com.ola.maps.navigation.v5.navigation.NavigationConstants.STEP_MANEUVER_TYPE_TURN_SHARP_LEFT, com.ola.maps.navigation.v5.navigation.NavigationConstants.STEP_MANEUVER_TYPE_TURN_LEFT, com.ola.maps.navigation.v5.navigation.NavigationConstants.STEP_MANEUVER_TYPE_TURN_SLIGHT_LEFT, com.ola.maps.navigation.v5.navigation.NavigationConstants.STEP_MANEUVER_TYPE_ENTER_ROUND_ABOUT, com.ola.maps.navigation.v5.navigation.NavigationConstants.STEP_MANEUVER_TYPE_ARRIVING}" />
    </annotation>
  </item>
  <item name="com.ola.maps.navigation.v5.navigation.NavigationConstants.RoundingIncrement">
    <annotation name="androidx.annotation.IntDef">
      <val name="value" val="{com.ola.maps.navigation.v5.navigation.NavigationConstants.ROUNDING_INCREMENT_ONE, com.ola.maps.navigation.v5.navigation.NavigationConstants.ROUNDING_INCREMENT_FIVE, com.ola.maps.navigation.v5.navigation.NavigationConstants.ROUNDING_INCREMENT_TEN, com.ola.maps.navigation.v5.navigation.NavigationConstants.ROUNDING_INCREMENT_TWENTY_FIVE, com.ola.maps.navigation.v5.navigation.NavigationConstants.ROUNDING_INCREMENT_FIFTY, com.ola.maps.navigation.v5.navigation.NavigationConstants.ROUNDING_INCREMENT_ONE_HUNDRED}" />
    </annotation>
  </item>
  <item name="com.ola.maps.navigation.v5.navigation.NavigationTimeFormat.Type">
    <annotation name="androidx.annotation.IntDef">
      <val name="value" val="{com.ola.maps.navigation.v5.navigation.NavigationTimeFormat.NONE_SPECIFIED, com.ola.maps.navigation.v5.navigation.NavigationTimeFormat.TWELVE_HOURS, com.ola.maps.navigation.v5.navigation.NavigationTimeFormat.TWENTY_FOUR_HOURS}" />
    </annotation>
  </item>
</root>

