<?xml version="1.0" encoding="UTF-8"?>
<root>
  <item name="com.ola.maps.navigation.ui.v5.camera.NavigationCamera int getCameraTrackingMode()">
    <annotation name="androidx.annotation.IntDef">
      <val name="value" val="{com.ola.maps.navigation.ui.v5.camera.NavigationCamera.NAVIGATION_TRACKING_MODE_GPS, com.ola.maps.navigation.ui.v5.camera.NavigationCamera.NAVIGATION_TRACKING_MODE_NORTH, com.ola.maps.navigation.ui.v5.camera.NavigationCamera.NAVIGATION_TRACKING_MODE_NONE}" />
    </annotation>
  </item>
  <item name="com.ola.maps.navigation.ui.v5.camera.NavigationCamera java.lang.Integer findCameraModeFor(int) 0">
    <annotation name="androidx.annotation.IntDef">
      <val name="value" val="{com.ola.maps.navigation.ui.v5.camera.NavigationCamera.NAVIGATION_TRACKING_MODE_GPS, com.ola.maps.navigation.ui.v5.camera.NavigationCamera.NAVIGATION_TRACKING_MODE_NORTH, com.ola.maps.navigation.ui.v5.camera.NavigationCamera.NAVIGATION_TRACKING_MODE_NONE}" />
    </annotation>
  </item>
  <item name="com.ola.maps.navigation.ui.v5.camera.NavigationCamera trackingCameraMode">
    <annotation name="androidx.annotation.IntDef">
      <val name="value" val="{com.ola.maps.navigation.ui.v5.camera.NavigationCamera.NAVIGATION_TRACKING_MODE_GPS, com.ola.maps.navigation.ui.v5.camera.NavigationCamera.NAVIGATION_TRACKING_MODE_NORTH, com.ola.maps.navigation.ui.v5.camera.NavigationCamera.NAVIGATION_TRACKING_MODE_NONE}" />
    </annotation>
  </item>
  <item name="com.ola.maps.navigation.ui.v5.camera.NavigationCamera void resetCameraPositionWith(int) 0">
    <annotation name="androidx.annotation.IntDef">
      <val name="value" val="{com.ola.maps.navigation.ui.v5.camera.NavigationCamera.NAVIGATION_TRACKING_MODE_GPS, com.ola.maps.navigation.ui.v5.camera.NavigationCamera.NAVIGATION_TRACKING_MODE_NORTH, com.ola.maps.navigation.ui.v5.camera.NavigationCamera.NAVIGATION_TRACKING_MODE_NONE}" />
    </annotation>
  </item>
  <item name="com.ola.maps.navigation.ui.v5.camera.NavigationCamera void resetWith(int) 0">
    <annotation name="androidx.annotation.IntDef">
      <val name="value" val="{com.ola.maps.navigation.ui.v5.camera.NavigationCamera.NAVIGATION_TRACKING_MODE_GPS, com.ola.maps.navigation.ui.v5.camera.NavigationCamera.NAVIGATION_TRACKING_MODE_NORTH, com.ola.maps.navigation.ui.v5.camera.NavigationCamera.NAVIGATION_TRACKING_MODE_NONE}" />
    </annotation>
  </item>
  <item name="com.ola.maps.navigation.ui.v5.camera.NavigationCamera void setCameraMode(int) 0">
    <annotation name="androidx.annotation.IntDef">
      <val name="value" val="{com.ola.maps.navigation.ui.v5.camera.NavigationCamera.NAVIGATION_TRACKING_MODE_GPS, com.ola.maps.navigation.ui.v5.camera.NavigationCamera.NAVIGATION_TRACKING_MODE_NORTH, com.ola.maps.navigation.ui.v5.camera.NavigationCamera.NAVIGATION_TRACKING_MODE_NONE}" />
    </annotation>
  </item>
  <item name="com.ola.maps.navigation.ui.v5.camera.NavigationCamera void updateCameraTrackingMode(int) 0">
    <annotation name="androidx.annotation.IntDef">
      <val name="value" val="{com.ola.maps.navigation.ui.v5.camera.NavigationCamera.NAVIGATION_TRACKING_MODE_GPS, com.ola.maps.navigation.ui.v5.camera.NavigationCamera.NAVIGATION_TRACKING_MODE_NORTH, com.ola.maps.navigation.ui.v5.camera.NavigationCamera.NAVIGATION_TRACKING_MODE_NONE}" />
    </annotation>
  </item>
  <item name="com.ola.maps.navigation.ui.v5.camera.NavigationCamera void updateTrackingModeListenersWith(int) 0">
    <annotation name="androidx.annotation.IntDef">
      <val name="value" val="{com.ola.maps.navigation.ui.v5.camera.NavigationCamera.NAVIGATION_TRACKING_MODE_GPS, com.ola.maps.navigation.ui.v5.camera.NavigationCamera.NAVIGATION_TRACKING_MODE_NORTH, com.ola.maps.navigation.ui.v5.camera.NavigationCamera.NAVIGATION_TRACKING_MODE_NONE}" />
    </annotation>
  </item>
  <item name="com.ola.maps.navigation.ui.v5.camera.NavigationCamera.TrackingMode">
    <annotation name="androidx.annotation.IntDef">
      <val name="value" val="{com.ola.maps.navigation.ui.v5.camera.NavigationCamera.NAVIGATION_TRACKING_MODE_GPS, com.ola.maps.navigation.ui.v5.camera.NavigationCamera.NAVIGATION_TRACKING_MODE_NORTH, com.ola.maps.navigation.ui.v5.camera.NavigationCamera.NAVIGATION_TRACKING_MODE_NONE}" />
    </annotation>
  </item>
  <item name="com.ola.maps.navigation.ui.v5.camera.OnTrackingModeChangedListener void onTrackingModeChanged(int) 0">
    <annotation name="androidx.annotation.IntDef">
      <val name="value" val="{com.ola.maps.navigation.ui.v5.camera.NavigationCamera.NAVIGATION_TRACKING_MODE_GPS, com.ola.maps.navigation.ui.v5.camera.NavigationCamera.NAVIGATION_TRACKING_MODE_NORTH, com.ola.maps.navigation.ui.v5.camera.NavigationCamera.NAVIGATION_TRACKING_MODE_NONE}" />
    </annotation>
  </item>
  <item name="com.ola.maps.navigation.ui.v5.camera.OnTrackingModeTransitionListener void onTransitionCancelled(int) 0">
    <annotation name="androidx.annotation.IntDef">
      <val name="value" val="{com.ola.maps.navigation.ui.v5.camera.NavigationCamera.NAVIGATION_TRACKING_MODE_GPS, com.ola.maps.navigation.ui.v5.camera.NavigationCamera.NAVIGATION_TRACKING_MODE_NORTH, com.ola.maps.navigation.ui.v5.camera.NavigationCamera.NAVIGATION_TRACKING_MODE_NONE}" />
    </annotation>
  </item>
  <item name="com.ola.maps.navigation.ui.v5.camera.OnTrackingModeTransitionListener void onTransitionFinished(int) 0">
    <annotation name="androidx.annotation.IntDef">
      <val name="value" val="{com.ola.maps.navigation.ui.v5.camera.NavigationCamera.NAVIGATION_TRACKING_MODE_GPS, com.ola.maps.navigation.ui.v5.camera.NavigationCamera.NAVIGATION_TRACKING_MODE_NORTH, com.ola.maps.navigation.ui.v5.camera.NavigationCamera.NAVIGATION_TRACKING_MODE_NONE}" />
    </annotation>
  </item>
</root>

