<?xml version="1.0" encoding="UTF-8"?>
<root>
  <item name="com.ola.maps.navigation.v5.navigation.metrics.FeedbackEvent FeedbackEvent(com.ola.maps.navigation.v5.navigation.metrics.SessionState, java.lang.String) 1">
    <annotation name="androidx.annotation.StringDef">
      <val name="value" val="{com.ola.maps.navigation.v5.navigation.metrics.FeedbackEvent.FEEDBACK_SOURCE_REROUTE, com.ola.maps.navigation.v5.navigation.metrics.FeedbackEvent.FEEDBACK_SOURCE_UI}" />
    </annotation>
  </item>
  <item name="com.ola.maps.navigation.v5.navigation.metrics.FeedbackEvent java.lang.String getFeedbackSource()">
    <annotation name="androidx.annotation.StringDef">
      <val name="value" val="{com.ola.maps.navigation.v5.navigation.metrics.FeedbackEvent.FEEDBACK_SOURCE_REROUTE, com.ola.maps.navigation.v5.navigation.metrics.FeedbackEvent.FEEDBACK_SOURCE_UI}" />
    </annotation>
  </item>
  <item name="com.ola.maps.navigation.v5.navigation.metrics.FeedbackEvent java.lang.String getFeedbackType()">
    <annotation name="androidx.annotation.StringDef">
      <val name="value" val="{com.ola.maps.navigation.v5.navigation.metrics.FeedbackEvent.FEEDBACK_TYPE_GENERAL_ISSUE, com.ola.maps.navigation.v5.navigation.metrics.FeedbackEvent.FEEDBACK_TYPE_OTHER_MAP_ISSUE, com.ola.maps.navigation.v5.navigation.metrics.FeedbackEvent.FEEDBACK_TYPE_ACCIDENT, com.ola.maps.navigation.v5.navigation.metrics.FeedbackEvent.FEEDBACK_TYPE_HAZARD, com.ola.maps.navigation.v5.navigation.metrics.FeedbackEvent.FEEDBACK_TYPE_ROAD_CLOSED, com.ola.maps.navigation.v5.navigation.metrics.FeedbackEvent.FEEDBACK_TYPE_NOT_ALLOWED, com.ola.maps.navigation.v5.navigation.metrics.FeedbackEvent.FEEDBACK_TYPE_ROUTING_ERROR, com.ola.maps.navigation.v5.navigation.metrics.FeedbackEvent.FEEDBACK_TYPE_CONFUSING_INSTRUCTION, com.ola.maps.navigation.v5.navigation.metrics.FeedbackEvent.FEEDBACK_TYPE_INACCURATE_GPS, com.ola.maps.navigation.v5.navigation.metrics.FeedbackEvent.FEEDBACK_TYPE_REPORT_TRAFFIC, com.ola.maps.navigation.v5.navigation.metrics.FeedbackEvent.FEEDBACK_TYPE_MISSING_ROAD, com.ola.maps.navigation.v5.navigation.metrics.FeedbackEvent.FEEDBACK_TYPE_MISSING_EXIT}" />
    </annotation>
  </item>
  <item name="com.ola.maps.navigation.v5.navigation.metrics.FeedbackEvent void setFeedbackType(java.lang.String) 0">
    <annotation name="androidx.annotation.StringDef">
      <val name="value" val="{com.ola.maps.navigation.v5.navigation.metrics.FeedbackEvent.FEEDBACK_TYPE_GENERAL_ISSUE, com.ola.maps.navigation.v5.navigation.metrics.FeedbackEvent.FEEDBACK_TYPE_OTHER_MAP_ISSUE, com.ola.maps.navigation.v5.navigation.metrics.FeedbackEvent.FEEDBACK_TYPE_ACCIDENT, com.ola.maps.navigation.v5.navigation.metrics.FeedbackEvent.FEEDBACK_TYPE_HAZARD, com.ola.maps.navigation.v5.navigation.metrics.FeedbackEvent.FEEDBACK_TYPE_ROAD_CLOSED, com.ola.maps.navigation.v5.navigation.metrics.FeedbackEvent.FEEDBACK_TYPE_NOT_ALLOWED, com.ola.maps.navigation.v5.navigation.metrics.FeedbackEvent.FEEDBACK_TYPE_ROUTING_ERROR, com.ola.maps.navigation.v5.navigation.metrics.FeedbackEvent.FEEDBACK_TYPE_CONFUSING_INSTRUCTION, com.ola.maps.navigation.v5.navigation.metrics.FeedbackEvent.FEEDBACK_TYPE_INACCURATE_GPS, com.ola.maps.navigation.v5.navigation.metrics.FeedbackEvent.FEEDBACK_TYPE_REPORT_TRAFFIC, com.ola.maps.navigation.v5.navigation.metrics.FeedbackEvent.FEEDBACK_TYPE_MISSING_ROAD, com.ola.maps.navigation.v5.navigation.metrics.FeedbackEvent.FEEDBACK_TYPE_MISSING_EXIT}" />
    </annotation>
  </item>
  <item name="com.ola.maps.navigation.v5.navigation.metrics.FeedbackEvent.FeedbackSource">
    <annotation name="androidx.annotation.StringDef">
      <val name="value" val="{com.ola.maps.navigation.v5.navigation.metrics.FeedbackEvent.FEEDBACK_SOURCE_REROUTE, com.ola.maps.navigation.v5.navigation.metrics.FeedbackEvent.FEEDBACK_SOURCE_UI}" />
    </annotation>
  </item>
  <item name="com.ola.maps.navigation.v5.navigation.metrics.FeedbackEvent.FeedbackType">
    <annotation name="androidx.annotation.StringDef">
      <val name="value" val="{com.ola.maps.navigation.v5.navigation.metrics.FeedbackEvent.FEEDBACK_TYPE_GENERAL_ISSUE, com.ola.maps.navigation.v5.navigation.metrics.FeedbackEvent.FEEDBACK_TYPE_OTHER_MAP_ISSUE, com.ola.maps.navigation.v5.navigation.metrics.FeedbackEvent.FEEDBACK_TYPE_ACCIDENT, com.ola.maps.navigation.v5.navigation.metrics.FeedbackEvent.FEEDBACK_TYPE_HAZARD, com.ola.maps.navigation.v5.navigation.metrics.FeedbackEvent.FEEDBACK_TYPE_ROAD_CLOSED, com.ola.maps.navigation.v5.navigation.metrics.FeedbackEvent.FEEDBACK_TYPE_NOT_ALLOWED, com.ola.maps.navigation.v5.navigation.metrics.FeedbackEvent.FEEDBACK_TYPE_ROUTING_ERROR, com.ola.maps.navigation.v5.navigation.metrics.FeedbackEvent.FEEDBACK_TYPE_CONFUSING_INSTRUCTION, com.ola.maps.navigation.v5.navigation.metrics.FeedbackEvent.FEEDBACK_TYPE_INACCURATE_GPS, com.ola.maps.navigation.v5.navigation.metrics.FeedbackEvent.FEEDBACK_TYPE_REPORT_TRAFFIC, com.ola.maps.navigation.v5.navigation.metrics.FeedbackEvent.FEEDBACK_TYPE_MISSING_ROAD, com.ola.maps.navigation.v5.navigation.metrics.FeedbackEvent.FEEDBACK_TYPE_MISSING_EXIT}" />
    </annotation>
  </item>
</root>

